Gender,Married,Dependents,Education,Self_Employed,ApplicantIncome,CoapplicantIncome,LoanAmount,Loan_Amount_Term,Credit_History,TotalIncome,Loan_Income_Ratio,Property_Semiurban,Property_Urban,Loan_Status
1,0,0,1,0,5849,0.0,128.0,360.0,1,5849.0,0.021884082749187895,0,1,1
1,1,1,1,0,4583,1508.0,128.0,360.0,1,6091.0,0.0210146117222131,0,0,0
1,1,0,1,1,3000,0.0,66.0,360.0,1,3000.0,0.022,0,1,1
1,1,0,0,0,2583,2358.0,120.0,360.0,1,4941.0,0.024286581663630843,0,1,1
1,0,0,1,0,6000,0.0,141.0,360.0,1,6000.0,0.0235,0,1,1
1,1,2,1,1,5417,4196.0,267.0,360.0,1,9613.0,0.027774888172266723,0,1,1
1,1,0,0,0,2333,1516.0,95.0,360.0,1,3849.0,0.024681735515718367,0,1,1
1,1,3,1,0,3036,2504.0,158.0,360.0,0,5540.0,0.02851985559566787,1,0,0
1,1,2,1,0,4006,1526.0,168.0,360.0,1,5532.0,0.03036876355748373,0,1,1
1,1,1,1,0,12841,10968.0,349.0,360.0,1,23809.0,0.014658322483094628,1,0,0
1,1,2,1,0,3200,700.0,70.0,360.0,1,3900.0,0.017948717948717947,0,1,1
1,1,2,1,0,2500,1840.0,109.0,360.0,1,4340.0,0.02511520737327189,0,1,1
1,1,2,1,0,3073,8106.0,200.0,360.0,1,11179.0,0.01789068789694964,0,1,1
1,0,0,1,0,1853,2840.0,114.0,360.0,1,4693.0,0.024291497975708502,0,0,0
1,1,2,1,0,1299,1086.0,17.0,120.0,1,2385.0,0.007127882599580713,0,1,1
1,0,0,1,0,4950,0.0,125.0,360.0,1,4950.0,0.025252525252525252,0,1,1
1,0,1,0,0,3596,0.0,100.0,240.0,1,3596.0,0.027808676307007785,0,1,1
0,0,0,1,0,3510,0.0,76.0,360.0,0,3510.0,0.021652421652421653,0,1,0
1,1,0,0,0,4887,0.0,133.0,360.0,1,4887.0,0.027215060364231634,0,0,0
1,1,0,1,0,2600,3500.0,115.0,360.0,1,6100.0,0.018852459016393444,0,1,1
1,1,0,0,0,7660,0.0,104.0,360.0,0,7660.0,0.013577023498694517,0,1,0
1,1,1,1,0,5955,5625.0,315.0,360.0,1,11580.0,0.027202072538860103,0,1,1
1,1,0,0,0,2600,1911.0,116.0,360.0,0,4511.0,0.025714919086677012,1,0,0
1,1,2,0,0,3365,1917.0,112.0,360.0,0,5282.0,0.021204089360090876,0,0,0
1,1,1,1,0,3717,2925.0,151.0,360.0,1,6642.0,0.02273411623005119,1,0,0
1,1,0,1,1,9560,0.0,191.0,360.0,1,9560.0,0.01997907949790795,1,0,1
1,1,0,1,0,2799,2253.0,122.0,360.0,1,5052.0,0.02414885193982581,1,0,1
1,1,2,0,0,4226,1040.0,110.0,360.0,1,5266.0,0.020888720091150777,0,1,1
1,0,0,0,0,1442,0.0,35.0,360.0,1,1442.0,0.024271844660194174,0,1,0
0,0,2,1,0,3750,2083.0,120.0,360.0,1,5833.0,0.020572604148808505,1,0,1
1,1,1,1,0,4166,3369.0,201.0,360.0,1,7535.0,0.026675514266755143,0,1,0
1,0,0,1,0,3167,0.0,74.0,360.0,1,3167.0,0.023365961477739186,0,1,0
1,0,1,1,1,4692,0.0,106.0,360.0,1,4692.0,0.022591645353793693,0,0,0
1,1,0,1,0,3500,1667.0,114.0,360.0,1,5167.0,0.022063092703696534,1,0,1
1,0,3,1,0,12500,3000.0,320.0,360.0,1,15500.0,0.02064516129032258,0,0,0
1,1,0,1,0,2275,2067.0,128.0,360.0,1,4342.0,0.02947950253339475,0,1,1
1,1,0,1,0,1828,1330.0,100.0,360.0,0,3158.0,0.031665611146295125,0,1,0
0,1,0,1,0,3667,1459.0,144.0,360.0,1,5126.0,0.02809207959422552,1,0,1
1,0,0,1,0,4166,7210.0,184.0,360.0,1,11376.0,0.01617440225035162,0,1,1
1,0,0,0,0,3748,1668.0,110.0,360.0,1,5416.0,0.02031019202363368,1,0,1
1,0,0,1,0,3600,0.0,80.0,360.0,1,3600.0,0.022222222222222223,0,1,0
1,0,0,1,0,1800,1213.0,47.0,360.0,1,3013.0,0.015599070693660804,0,1,1
1,1,0,1,0,2400,0.0,75.0,360.0,1,2400.0,0.03125,0,1,1
1,1,0,1,0,3941,2336.0,134.0,360.0,1,6277.0,0.021347777600764697,1,0,1
1,1,0,0,1,4695,0.0,96.0,360.0,1,4695.0,0.020447284345047924,0,1,1
0,0,0,1,0,3410,0.0,88.0,360.0,1,3410.0,0.025806451612903226,0,1,1
1,1,1,1,0,5649,0.0,44.0,360.0,1,5649.0,0.007788989201628607,0,1,1
1,1,0,1,0,5821,0.0,144.0,360.0,1,5821.0,0.02473801752276241,0,1,1
0,1,0,1,0,2645,3440.0,120.0,360.0,0,6085.0,0.01972062448644207,0,1,0
0,0,0,1,0,4000,2275.0,144.0,360.0,1,6275.0,0.022948207171314742,1,0,1
0,1,0,0,0,1928,1644.0,100.0,360.0,1,3572.0,0.027995520716685332,1,0,1
0,0,0,1,0,3086,0.0,120.0,360.0,1,3086.0,0.03888528839922229,1,0,1
0,0,0,1,0,4230,0.0,112.0,360.0,1,4230.0,0.026477541371158392,1,0,0
1,1,2,1,0,4616,0.0,134.0,360.0,1,4616.0,0.02902946273830156,0,1,0
0,1,1,1,1,11500,0.0,286.0,360.0,0,11500.0,0.024869565217391306,0,1,0
1,1,2,1,0,2708,1167.0,97.0,360.0,1,3875.0,0.02503225806451613,1,0,1
1,1,0,1,0,2132,1591.0,96.0,360.0,1,3723.0,0.0257856567284448,1,0,1
1,1,0,1,0,3366,2200.0,135.0,360.0,1,5566.0,0.024254401724757457,0,0,0
1,1,1,1,0,8080,2250.0,180.0,360.0,1,10330.0,0.017424975798644726,0,1,1
1,1,2,0,0,3357,2859.0,144.0,360.0,1,6216.0,0.023166023166023165,0,1,1
1,1,0,1,0,2500,3796.0,120.0,360.0,1,6296.0,0.01905972045743329,0,1,1
1,1,3,1,0,3029,0.0,99.0,360.0,1,3029.0,0.03268405414328161,0,1,1
1,1,0,0,1,2609,3449.0,165.0,180.0,0,6058.0,0.02723671178606801,0,0,0
1,1,1,1,0,4945,0.0,128.0,360.0,0,4945.0,0.025884732052578362,0,0,0
0,0,0,1,0,4166,0.0,116.0,360.0,0,4166.0,0.02784445511281805,1,0,0
1,1,0,1,0,5726,4595.0,258.0,360.0,1,10321.0,0.024997577754093597,1,0,0
1,0,0,0,0,3200,2254.0,126.0,180.0,0,5454.0,0.0231023102310231,0,1,0
1,1,1,1,0,10750,0.0,312.0,360.0,1,10750.0,0.02902325581395349,0,1,1
1,1,3,0,1,7100,0.0,125.0,60.0,1,7100.0,0.017605633802816902,0,1,1
0,0,0,1,0,4300,0.0,136.0,360.0,0,4300.0,0.03162790697674418,1,0,0
1,1,0,1,0,3208,3066.0,172.0,360.0,1,6274.0,0.027414727446605038,0,1,1
1,1,2,0,1,1875,1875.0,97.0,360.0,1,3750.0,0.025866666666666666,1,0,1
1,0,0,1,0,3500,0.0,81.0,300.0,1,3500.0,0.023142857142857142,1,0,1
1,1,3,0,0,4755,0.0,95.0,360.0,0,4755.0,0.019978969505783387,1,0,0
1,1,3,1,1,5266,1774.0,187.0,360.0,1,7040.0,0.0265625,1,0,1
1,0,0,1,0,3750,0.0,113.0,480.0,1,3750.0,0.030133333333333335,0,1,0
1,0,0,1,0,3750,4750.0,176.0,360.0,1,8500.0,0.020705882352941178,0,1,0
1,1,1,1,1,1000,3022.0,110.0,360.0,1,4022.0,0.02734957732471407,0,1,0
1,1,3,1,0,3167,4000.0,180.0,300.0,0,7167.0,0.025115110925073254,1,0,0
1,1,3,0,1,3333,2166.0,130.0,360.0,1,5499.0,0.02364066193853428,1,0,1
0,0,0,1,0,3846,0.0,111.0,360.0,1,3846.0,0.028861154446177848,1,0,1
1,1,1,1,1,2395,0.0,128.0,360.0,1,2395.0,0.05344467640918581,1,0,1
0,1,2,1,0,1378,1881.0,167.0,360.0,1,3259.0,0.0512427124884934,0,1,0
1,1,0,1,0,6000,2250.0,265.0,360.0,1,8250.0,0.03212121212121212,1,0,0
1,1,1,1,0,3988,0.0,50.0,240.0,1,3988.0,0.012537612838515547,0,1,1
1,0,0,1,0,2366,2531.0,136.0,360.0,1,4897.0,0.027772105370635083,1,0,1
1,1,2,0,0,3333,2000.0,99.0,360.0,1,5333.0,0.0185636602287643,1,0,1
1,1,0,1,0,2500,2118.0,104.0,360.0,1,4618.0,0.02252057167605024,1,0,1
1,0,0,1,0,8566,0.0,210.0,360.0,1,8566.0,0.02451552650011674,0,1,1
1,1,0,1,0,5695,4167.0,175.0,360.0,1,9862.0,0.017744879334820524,1,0,1
1,1,0,1,0,2958,2900.0,131.0,360.0,1,5858.0,0.022362581085694777,1,0,1
1,1,2,1,0,6250,5654.0,188.0,180.0,1,11904.0,0.015793010752688172,1,0,1
1,1,2,0,0,3273,1820.0,81.0,360.0,1,5093.0,0.015904182210877676,0,1,1
1,0,0,1,0,4133,0.0,122.0,360.0,1,4133.0,0.029518509557222357,1,0,1
1,0,0,0,0,3620,0.0,25.0,120.0,1,3620.0,0.006906077348066298,1,0,1
1,0,0,1,0,6782,0.0,128.0,360.0,1,6782.0,0.018873488646416987,0,1,0
0,1,0,1,0,2484,2302.0,137.0,360.0,1,4786.0,0.028625156707062265,1,0,1
1,1,0,1,0,1977,997.0,50.0,360.0,1,2974.0,0.016812373907195696,1,0,1
1,1,0,0,0,4188,0.0,115.0,180.0,1,4188.0,0.027459407831900668,1,0,1
1,1,0,1,0,1759,3541.0,131.0,360.0,1,5300.0,0.02471698113207547,1,0,1
1,1,2,0,0,4288,3263.0,133.0,180.0,1,7551.0,0.01761356111773275,0,1,1
1,0,0,1,0,4843,3806.0,151.0,360.0,1,8649.0,0.017458665741704245,1,0,1
1,1,0,1,0,13650,0.0,128.0,360.0,1,13650.0,0.009377289377289377,0,1,1
1,1,0,1,0,4652,3583.0,128.0,360.0,1,8235.0,0.01554341226472374,1,0,1
1,1,0,1,0,3816,754.0,160.0,360.0,1,4570.0,0.0350109409190372,0,1,1
1,1,1,1,0,3052,1030.0,100.0,360.0,1,4082.0,0.02449779519843214,0,1,1
1,1,2,1,0,11417,1126.0,225.0,360.0,1,12543.0,0.01793829227457546,0,1,1
1,0,0,0,0,7333,0.0,120.0,360.0,1,7333.0,0.01636438019909996,0,0,0
1,1,2,1,0,3800,3600.0,216.0,360.0,0,7400.0,0.02918918918918919,0,1,0
1,1,3,0,0,2071,754.0,94.0,480.0,1,2825.0,0.03327433628318584,1,0,1
1,0,0,1,0,5316,0.0,136.0,360.0,1,5316.0,0.025583145221971408,0,1,1
0,1,0,1,0,2929,2333.0,139.0,360.0,1,5262.0,0.026415811478525276,1,0,1
1,1,0,0,0,3572,4114.0,152.0,360.0,0,7686.0,0.019776216497527973,0,0,0
0,0,1,1,1,7451,0.0,128.0,360.0,1,7451.0,0.01717890216078379,1,0,1
1,0,0,1,0,5050,0.0,118.0,360.0,1,5050.0,0.023366336633663366,1,0,1
1,1,1,1,0,14583,0.0,185.0,180.0,1,14583.0,0.012686004251525749,0,0,1
0,1,0,1,0,3167,2283.0,154.0,360.0,1,5450.0,0.028256880733944955,1,0,1
1,1,1,1,0,2214,1398.0,85.0,360.0,1,3612.0,0.02353266888150609,0,1,1
1,1,0,1,0,5568,2142.0,175.0,360.0,1,7710.0,0.022697795071335927,0,0,0
0,0,0,1,0,10408,0.0,259.0,360.0,1,10408.0,0.024884704073789392,0,1,1
1,1,0,1,0,5667,2667.0,180.0,360.0,1,8334.0,0.02159827213822894,0,0,1
0,0,0,1,0,4166,0.0,44.0,360.0,1,4166.0,0.01056168987037926,1,0,1
0,0,0,1,0,2137,8980.0,137.0,360.0,0,11117.0,0.01232346856166232,1,0,1
1,1,2,1,0,2957,0.0,81.0,360.0,1,2957.0,0.027392627663172135,1,0,1
1,1,0,0,0,4300,2014.0,194.0,360.0,1,6314.0,0.030725372188786824,0,0,1
0,0,0,1,0,3692,0.0,93.0,360.0,1,3692.0,0.025189599133261104,0,0,1
1,1,3,1,0,23803,0.0,370.0,360.0,1,23803.0,0.015544259127000798,0,0,1
1,0,0,1,0,3865,1640.0,128.0,360.0,1,5505.0,0.023251589464123524,0,0,1
1,1,1,1,1,10513,3850.0,160.0,180.0,0,14363.0,0.011139734038849823,0,1,0
1,1,0,1,0,6080,2569.0,182.0,360.0,1,8649.0,0.021042895132385248,0,0,0
1,0,0,1,1,20166,0.0,650.0,480.0,1,20166.0,0.03223247049489239,0,1,1
1,0,0,1,0,2014,1929.0,74.0,360.0,1,3943.0,0.018767435962465127,0,1,1
1,0,0,1,0,2718,0.0,70.0,360.0,1,2718.0,0.025754231052244298,1,0,1
1,1,0,1,1,3459,0.0,25.0,120.0,1,3459.0,0.007227522405319456,1,0,1
1,0,0,1,0,4895,0.0,102.0,360.0,1,4895.0,0.020837589376915218,1,0,1
1,1,3,1,0,4000,7750.0,290.0,360.0,1,11750.0,0.02468085106382979,1,0,0
0,1,0,1,0,4583,0.0,84.0,360.0,1,4583.0,0.0183286057167794,0,0,0
1,1,2,1,1,3316,3500.0,88.0,360.0,1,6816.0,0.012910798122065728,0,1,1
1,0,0,1,0,14999,0.0,242.0,360.0,0,14999.0,0.016134408960597372,1,0,0
1,1,2,0,0,4200,1430.0,129.0,360.0,1,5630.0,0.022912966252220248,0,0,0
1,1,2,1,0,5042,2083.0,185.0,360.0,1,7125.0,0.025964912280701753,0,0,0
1,0,0,1,0,5417,0.0,168.0,360.0,1,5417.0,0.031013476093778844,0,1,1
1,0,0,1,1,6950,0.0,175.0,180.0,1,6950.0,0.025179856115107913,1,0,1
1,1,0,1,0,2698,2034.0,122.0,360.0,1,4732.0,0.02578191039729501,1,0,1
1,1,2,1,0,11757,0.0,187.0,180.0,1,11757.0,0.01590541804882198,0,1,1
0,1,0,1,0,2330,4486.0,100.0,360.0,1,6816.0,0.014671361502347418,1,0,1
0,1,2,1,0,14866,0.0,70.0,360.0,1,14866.0,0.0047087313332436435,0,1,1
1,1,1,1,0,1538,1425.0,30.0,360.0,1,2963.0,0.010124873439082012,0,1,1
0,0,0,1,0,10000,1666.0,225.0,360.0,1,11666.0,0.019286816389507973,0,0,0
1,1,0,1,0,4860,830.0,125.0,360.0,1,5690.0,0.021968365553602813,1,0,1
1,0,0,1,0,6277,0.0,118.0,360.0,0,6277.0,0.018798789230524134,0,0,0
1,1,0,1,1,2577,3750.0,152.0,360.0,1,6327.0,0.024024024024024024,0,0,1
1,0,0,1,0,9166,0.0,244.0,360.0,1,9166.0,0.026620117826751038,0,1,0
1,1,2,0,0,2281,0.0,113.0,360.0,1,2281.0,0.049539675580885574,0,0,0
1,0,0,1,0,3254,0.0,50.0,360.0,1,3254.0,0.015365703749231715,0,1,1
1,1,3,1,0,39999,0.0,600.0,180.0,0,39999.0,0.015000375009375235,1,0,1
1,1,1,1,0,6000,0.0,160.0,360.0,1,6000.0,0.02666666666666667,0,0,1
1,1,1,1,0,9538,0.0,187.0,360.0,1,9538.0,0.019605787376808556,0,1,1
1,0,0,1,0,2980,2083.0,120.0,360.0,1,5063.0,0.023701362828362632,0,0,1
1,1,0,1,0,4583,5625.0,255.0,360.0,1,10208.0,0.02498040752351097,1,0,1
1,1,0,0,0,1863,1041.0,98.0,360.0,1,2904.0,0.0337465564738292,1,0,1
1,1,0,1,0,7933,0.0,275.0,360.0,1,7933.0,0.03466532207235598,0,1,0
1,1,1,1,0,3089,1280.0,121.0,360.0,0,4369.0,0.027695124742504004,1,0,0
1,1,2,1,0,4167,1447.0,158.0,360.0,1,5614.0,0.028143925899536872,0,0,1
1,1,0,1,0,9323,0.0,75.0,180.0,1,9323.0,0.008044620830204869,0,1,1
1,1,0,1,0,3707,3166.0,182.0,360.0,1,6873.0,0.02648043067074058,0,0,1
0,1,0,1,0,4583,0.0,112.0,360.0,1,4583.0,0.02443814095570587,0,0,0
1,1,0,1,0,2439,3333.0,129.0,360.0,1,5772.0,0.02234927234927235,0,0,1
1,0,0,1,0,2237,0.0,63.0,480.0,0,2237.0,0.028162717925793473,1,0,0
1,1,2,1,0,8000,0.0,200.0,360.0,1,8000.0,0.025,1,0,1
1,1,0,0,0,1820,1769.0,95.0,360.0,1,3589.0,0.026469768737809974,0,0,1
1,1,3,1,0,51763,0.0,700.0,300.0,1,51763.0,0.013523172922744044,0,1,1
1,1,3,0,0,3522,0.0,81.0,180.0,1,3522.0,0.022998296422487224,0,0,0
1,1,0,1,0,5708,5625.0,187.0,360.0,1,11333.0,0.016500485308391422,1,0,1
1,1,0,0,1,4344,736.0,87.0,360.0,1,5080.0,0.017125984251968505,1,0,0
1,1,0,1,0,3497,1964.0,116.0,360.0,1,5461.0,0.021241530855154733,0,0,1
1,1,2,1,0,2045,1619.0,101.0,360.0,1,3664.0,0.027565502183406112,0,0,1
1,1,3,1,0,5516,11300.0,495.0,360.0,0,16816.0,0.029436251189343482,1,0,0
1,1,1,1,0,3750,0.0,116.0,360.0,1,3750.0,0.030933333333333334,1,0,1
1,0,0,0,0,2333,1451.0,102.0,480.0,0,3784.0,0.026955602536997886,0,1,0
1,1,1,1,0,6400,7250.0,180.0,360.0,0,13650.0,0.013186813186813187,0,1,0
1,0,0,1,0,1916,5063.0,67.0,360.0,1,6979.0,0.00960022925920619,0,0,0
1,1,0,1,0,4600,0.0,73.0,180.0,1,4600.0,0.015869565217391305,1,0,1
1,1,1,1,0,33846,0.0,260.0,360.0,1,33846.0,0.00768185309933227,1,0,0
0,1,0,1,0,3625,0.0,108.0,360.0,1,3625.0,0.029793103448275862,1,0,1
1,1,0,1,1,39147,4750.0,120.0,360.0,1,43897.0,0.0027336720049206094,1,0,1
1,1,1,1,1,2178,0.0,66.0,300.0,0,2178.0,0.030303030303030304,0,0,0
1,1,0,1,0,2383,2138.0,58.0,360.0,1,4521.0,0.012829020128290201,0,0,1
1,1,0,1,1,674,5296.0,168.0,360.0,1,5970.0,0.02814070351758794,0,0,1
1,1,0,1,0,9328,0.0,188.0,180.0,1,9328.0,0.020154373927958835,0,0,1
1,0,0,0,0,4885,0.0,48.0,360.0,1,4885.0,0.009825997952917094,0,0,1
1,0,0,1,0,12000,0.0,164.0,360.0,1,12000.0,0.013666666666666667,1,0,0
1,1,0,0,0,6033,0.0,160.0,360.0,1,6033.0,0.026520802254268193,0,1,0
1,0,0,1,0,3858,0.0,76.0,360.0,1,3858.0,0.019699326075686883,1,0,1
1,0,0,1,0,4191,0.0,120.0,360.0,1,4191.0,0.02863278453829635,0,0,1
1,1,1,1,0,3125,2583.0,170.0,360.0,1,5708.0,0.029782761037140854,1,0,0
1,0,0,1,0,8333,3750.0,187.0,360.0,1,12083.0,0.015476289001075892,0,0,1
0,0,0,0,0,1907,2365.0,120.0,360.0,1,4272.0,0.028089887640449437,0,1,1
0,1,0,1,0,3416,2816.0,113.0,360.0,1,6232.0,0.01813222079589217,1,0,1
1,0,0,1,1,11000,0.0,83.0,360.0,1,11000.0,0.007545454545454545,0,1,0
1,1,1,0,0,2600,2500.0,90.0,360.0,1,5100.0,0.01764705882352941,1,0,1
1,0,2,1,0,4923,0.0,166.0,360.0,0,4923.0,0.03371927686370099,1,0,1
1,1,3,0,0,3992,0.0,128.0,180.0,1,3992.0,0.03206412825651302,0,1,0
1,1,1,0,0,3500,1083.0,135.0,360.0,1,4583.0,0.029456687759109753,0,1,1
1,1,2,0,0,3917,0.0,124.0,360.0,1,3917.0,0.03165688026550932,1,0,1
0,0,0,0,0,4408,0.0,120.0,360.0,1,4408.0,0.02722323049001815,1,0,1
0,0,0,1,0,3244,0.0,80.0,360.0,1,3244.0,0.02466091245376079,0,1,1
1,0,0,0,0,3975,2531.0,55.0,360.0,1,6506.0,0.008453735013833385,0,0,1
1,0,0,1,0,2479,0.0,59.0,360.0,1,2479.0,0.02379991932230738,0,1,1
1,0,0,1,0,3418,0.0,127.0,360.0,1,3418.0,0.0371562317144529,1,0,0
0,0,0,1,0,10000,0.0,214.0,360.0,1,10000.0,0.0214,1,0,0
1,1,3,1,0,3430,1250.0,128.0,360.0,0,4680.0,0.02735042735042735,1,0,0
1,1,1,1,1,7787,0.0,240.0,360.0,1,7787.0,0.030820598433286245,0,1,1
1,1,3,0,1,5703,0.0,130.0,360.0,1,5703.0,0.02279502016482553,0,0,1
1,1,0,1,0,3173,3021.0,137.0,360.0,1,6194.0,0.022118178882789795,0,1,1
1,1,3,0,0,3850,983.0,100.0,360.0,1,4833.0,0.02069108214359611,1,0,1
1,1,0,1,0,150,1800.0,135.0,360.0,1,1950.0,0.06923076923076923,0,0,0
1,1,0,1,0,3727,1775.0,131.0,360.0,1,5502.0,0.023809523809523808,1,0,1
1,1,2,1,0,5000,0.0,72.0,360.0,0,5000.0,0.0144,1,0,0
0,1,2,1,0,4283,2383.0,127.0,360.0,1,6666.0,0.019051905190519053,1,0,1
1,1,0,1,0,2221,0.0,60.0,360.0,0,2221.0,0.0270148581719946,0,1,0
1,1,2,1,0,4009,1717.0,116.0,360.0,1,5726.0,0.020258470136220747,1,0,1
1,0,0,1,0,2971,2791.0,144.0,360.0,1,5762.0,0.024991322457480043,1,0,1
1,1,0,1,0,7578,1010.0,175.0,360.0,1,8588.0,0.0203772706101537,1,0,1
1,1,0,1,0,6250,0.0,128.0,360.0,1,6250.0,0.02048,1,0,1
1,1,0,1,0,3250,0.0,170.0,360.0,1,3250.0,0.052307692307692305,0,0,0
1,1,0,0,1,4735,0.0,138.0,360.0,1,4735.0,0.02914466737064414,0,1,0
1,1,2,1,0,6250,1695.0,210.0,360.0,1,7945.0,0.02643171806167401,1,0,1
1,1,0,1,0,4758,0.0,158.0,480.0,1,4758.0,0.0332072299285414,1,0,1
1,0,0,1,1,6400,0.0,200.0,360.0,1,6400.0,0.03125,0,0,1
1,1,1,1,0,2491,2054.0,104.0,360.0,1,4545.0,0.02288228822882288,1,0,1
1,1,0,1,0,3716,0.0,42.0,180.0,1,3716.0,0.011302475780409042,0,0,1
1,0,0,0,0,3189,2598.0,120.0,360.0,1,5787.0,0.020736132711249352,0,0,1
0,0,0,1,0,8333,0.0,280.0,360.0,1,8333.0,0.03360134405376215,1,0,1
1,1,1,1,0,3155,1779.0,140.0,360.0,1,4934.0,0.02837454398054317,1,0,1
1,1,1,1,0,5500,1260.0,170.0,360.0,1,6760.0,0.02514792899408284,0,0,1
1,1,0,1,0,5746,0.0,255.0,360.0,1,5746.0,0.04437869822485207,0,1,0
0,0,0,1,1,3463,0.0,122.0,360.0,1,3463.0,0.03522956973722206,0,1,1
0,0,1,1,0,3812,0.0,112.0,360.0,1,3812.0,0.02938090241343127,0,0,1
1,1,1,1,0,3315,0.0,96.0,360.0,1,3315.0,0.02895927601809955,1,0,1
1,1,2,1,0,5819,5000.0,120.0,360.0,1,10819.0,0.01109159811442832,0,0,1
1,1,1,0,0,2510,1983.0,140.0,180.0,1,4493.0,0.031159581571333184,0,1,0
1,0,0,1,0,2965,5701.0,155.0,60.0,1,8666.0,0.017885991230094624,0,1,1
1,1,2,1,1,6250,1300.0,108.0,360.0,1,7550.0,0.014304635761589404,0,0,1
1,1,0,0,0,3406,4417.0,123.0,360.0,1,7823.0,0.01572286846478333,1,0,1
1,0,0,1,1,6050,4333.0,120.0,180.0,1,10383.0,0.011557353366079168,0,1,0
1,1,2,1,0,9703,0.0,112.0,360.0,1,9703.0,0.011542821807688343,0,1,1
1,1,1,0,0,6608,0.0,137.0,180.0,1,6608.0,0.020732445520581115,0,1,1
1,1,1,1,0,2882,1843.0,123.0,480.0,1,4725.0,0.02603174603174603,1,0,1
1,1,0,1,0,1809,1868.0,90.0,360.0,1,3677.0,0.024476475387544192,0,1,1
1,1,0,0,0,1668,3890.0,201.0,360.0,0,5558.0,0.0361640878013674,1,0,0
0,0,2,1,0,3427,0.0,138.0,360.0,1,3427.0,0.040268456375838924,0,1,0
1,0,0,0,1,2583,2167.0,104.0,360.0,1,4750.0,0.021894736842105262,0,0,1
1,1,1,0,0,2661,7101.0,279.0,180.0,1,9762.0,0.02858020897357099,1,0,1
1,0,0,1,1,16250,0.0,192.0,360.0,0,16250.0,0.011815384615384615,0,1,0
0,0,3,1,0,3083,0.0,255.0,360.0,1,3083.0,0.08271164450210834,0,0,1
1,0,0,0,0,6045,0.0,115.0,360.0,0,6045.0,0.01902398676592225,0,0,0
1,1,3,1,0,5250,0.0,94.0,360.0,1,5250.0,0.017904761904761906,0,1,0
1,1,0,1,0,14683,2100.0,304.0,360.0,1,16783.0,0.018113567300244295,0,0,0
1,1,3,0,0,4931,0.0,128.0,360.0,1,4931.0,0.02595822348408031,1,0,0
1,1,1,1,0,6083,4250.0,330.0,360.0,1,10333.0,0.03193651408109939,0,1,1
1,0,0,1,0,2060,2209.0,134.0,360.0,1,4269.0,0.03138908409463575,1,0,1
0,0,1,1,0,3481,0.0,155.0,36.0,1,3481.0,0.04452743464521689,1,0,0
0,0,0,1,0,7200,0.0,120.0,360.0,1,7200.0,0.016666666666666666,0,0,1
1,0,0,1,1,5166,0.0,128.0,360.0,1,5166.0,0.024777390631049168,1,0,1
1,0,0,1,0,4095,3447.0,151.0,360.0,1,7542.0,0.02002121453195439,0,0,1
1,1,2,1,0,4708,1387.0,150.0,360.0,1,6095.0,0.02461033634126333,1,0,1
1,1,3,1,0,4333,1811.0,160.0,360.0,0,6144.0,0.026041666666666668,0,1,1
0,0,0,1,0,3418,0.0,135.0,360.0,1,3418.0,0.03949678174370977,0,0,0
0,0,1,1,0,2876,1560.0,90.0,360.0,1,4436.0,0.02028854824165915,0,1,1
0,0,0,1,0,3237,0.0,30.0,360.0,1,3237.0,0.009267840593141797,0,1,1
1,1,0,1,0,11146,0.0,136.0,360.0,1,11146.0,0.012201686703750225,0,1,1
1,0,0,1,0,2833,1857.0,126.0,360.0,1,4690.0,0.026865671641791045,0,0,1
1,1,0,1,0,2620,2223.0,150.0,360.0,1,4843.0,0.03097253768325418,1,0,1
1,1,2,1,0,3900,0.0,90.0,360.0,1,3900.0,0.023076923076923078,1,0,1
1,1,1,1,0,2750,1842.0,115.0,360.0,1,4592.0,0.02504355400696864,1,0,1
1,1,0,1,0,3993,3274.0,207.0,360.0,1,7267.0,0.02848493188385854,1,0,1
1,1,0,1,0,3103,1300.0,80.0,360.0,1,4403.0,0.018169429934135818,0,1,1
1,1,0,1,0,14583,0.0,436.0,360.0,1,14583.0,0.02989782623602825,1,0,1
0,1,0,0,0,4100,0.0,124.0,360.0,1,4100.0,0.03024390243902439,0,0,1
1,0,1,0,1,4053,2426.0,158.0,360.0,0,6479.0,0.02438647939496836,0,1,0
1,1,0,1,0,3927,800.0,112.0,360.0,1,4727.0,0.0236936746350751,1,0,1
1,1,2,1,0,2301,985.7999878,78.0,180.0,1,3286.7999878,0.023731288879615956,0,1,1
0,0,0,1,0,1811,1666.0,54.0,360.0,1,3477.0,0.015530629853321829,0,1,1
1,1,0,1,0,20667,0.0,128.0,360.0,1,20667.0,0.006193448492766246,0,0,0
1,0,0,1,0,3158,3053.0,89.0,360.0,1,6211.0,0.014329415553051039,0,0,1
0,0,0,1,1,2600,1717.0,99.0,300.0,1,4317.0,0.022932592077831826,1,0,0
1,1,0,1,0,3704,2000.0,120.0,360.0,1,5704.0,0.021037868162692847,0,0,1
0,0,0,1,0,4124,0.0,115.0,360.0,1,4124.0,0.027885548011639186,1,0,1
1,0,0,1,0,9508,0.0,187.0,360.0,1,9508.0,0.019667648296171646,0,0,1
1,1,0,1,0,3075,2416.0,139.0,360.0,1,5491.0,0.025314150427973046,0,0,1
1,1,2,1,0,4400,0.0,127.0,360.0,0,4400.0,0.028863636363636362,1,0,0
1,1,2,1,0,3153,1560.0,134.0,360.0,1,4713.0,0.028431996605134735,0,1,1
0,0,0,1,0,5417,0.0,143.0,480.0,0,5417.0,0.026398375484585564,0,1,0
1,1,0,1,0,2383,3334.0,172.0,360.0,1,5717.0,0.03008570928808816,1,0,1
1,1,3,1,0,4416,1250.0,110.0,360.0,1,5666.0,0.01941404871161313,0,1,1
1,1,1,1,0,6875,0.0,200.0,360.0,1,6875.0,0.02909090909090909,1,0,1
0,1,1,1,0,4666,0.0,135.0,360.0,1,4666.0,0.028932704672096014,0,1,1
0,0,0,1,0,5000,2541.0,151.0,480.0,1,7541.0,0.020023869513327144,0,0,0
1,1,1,1,0,2014,2925.0,113.0,360.0,1,4939.0,0.02287912532901397,0,1,0
1,1,0,0,0,1800,2934.0,93.0,360.0,0,4734.0,0.01964512040557668,0,1,0
1,1,0,0,0,2875,1750.0,105.0,360.0,1,4625.0,0.022702702702702703,1,0,1
0,0,0,1,0,5000,0.0,132.0,360.0,1,5000.0,0.0264,0,0,1
1,1,1,1,0,1625,1803.0,96.0,360.0,1,3428.0,0.028004667444574097,0,1,1
1,0,0,1,0,4000,2500.0,140.0,360.0,1,6500.0,0.021538461538461538,0,0,1
1,0,0,0,0,2000,0.0,128.0,360.0,1,2000.0,0.064,0,1,0
0,0,0,1,0,3762,1666.0,135.0,360.0,1,5428.0,0.024871039056742816,0,0,1
0,0,0,1,0,2400,1863.0,104.0,360.0,0,4263.0,0.02439596528266479,0,1,0
1,0,0,1,0,20233,0.0,480.0,360.0,1,20233.0,0.02372361982899224,0,0,0
1,1,2,0,0,7667,0.0,185.0,360.0,1,7667.0,0.024129385678883526,0,0,1
0,0,0,1,0,2917,0.0,84.0,360.0,1,2917.0,0.028796708947548853,1,0,1
1,0,0,0,0,2927,2405.0,111.0,360.0,1,5332.0,0.020817704426106528,1,0,1
0,0,0,1,0,2507,0.0,56.0,360.0,1,2507.0,0.022337455125648185,0,0,1
1,1,2,1,1,5746,0.0,144.0,84.0,1,5746.0,0.025060911938739994,0,0,1
1,1,0,1,0,2473,1843.0,159.0,360.0,1,4316.0,0.036839666357738644,0,0,0
1,1,1,0,0,3399,1640.0,111.0,180.0,1,5039.0,0.022028180194483032,0,1,1
1,1,2,1,0,3717,0.0,120.0,360.0,1,3717.0,0.03228410008071025,1,0,1
1,1,0,1,0,2058,2134.0,88.0,360.0,1,4192.0,0.02099236641221374,0,1,1
0,0,1,1,0,3541,0.0,112.0,360.0,1,3541.0,0.031629483196837054,1,0,1
1,1,1,1,1,10000,0.0,155.0,360.0,1,10000.0,0.0155,0,0,0
1,1,0,1,0,2400,2167.0,115.0,360.0,1,4567.0,0.025180643748631486,1,0,1
1,1,3,1,0,4342,189.0,124.0,360.0,1,4531.0,0.027367027146325315,1,0,1
1,1,2,0,0,3601,1590.0,128.0,360.0,1,5191.0,0.024658062030437296,0,0,1
0,0,0,1,0,3166,2985.0,132.0,360.0,1,6151.0,0.021459925215412127,0,0,1
1,1,3,1,0,15000,0.0,300.0,360.0,1,15000.0,0.02,0,0,1
1,1,1,1,1,8666,4983.0,376.0,360.0,0,13649.0,0.027547805700051286,0,0,0
1,0,0,1,0,4917,0.0,130.0,360.0,0,4917.0,0.026438885499288182,0,0,1
1,1,0,1,1,5818,2160.0,184.0,360.0,1,7978.0,0.023063424417147156,1,0,1
0,1,0,1,0,4333,2451.0,110.0,360.0,1,6784.0,0.016214622641509434,0,1,0
0,0,0,1,0,2500,0.0,67.0,360.0,1,2500.0,0.0268,0,1,1
1,0,1,1,0,4384,1793.0,117.0,360.0,1,6177.0,0.01894123360854784,0,1,1
1,0,0,1,0,2935,0.0,98.0,360.0,1,2935.0,0.03339011925042589,1,0,1
1,0,0,1,0,2833,0.0,71.0,360.0,1,2833.0,0.025061771973173313,0,1,1
1,1,0,1,0,63337,0.0,490.0,180.0,1,63337.0,0.007736394208756335,0,1,1
1,1,1,1,1,9833,1833.0,182.0,180.0,1,11666.0,0.015600891479513115,0,1,1
1,1,0,1,1,5503,4490.0,70.0,360.0,1,9993.0,0.007004903432402682,1,0,1
1,1,1,1,0,5250,688.0,160.0,360.0,1,5938.0,0.02694509936005389,0,0,1
1,1,2,1,1,2500,4600.0,176.0,360.0,1,7100.0,0.024788732394366197,0,0,1
0,0,3,0,0,1830,0.0,128.0,360.0,0,1830.0,0.06994535519125683,0,1,0
0,0,0,1,0,4160,0.0,71.0,360.0,1,4160.0,0.01706730769230769,1,0,1
1,1,3,0,0,2647,1587.0,173.0,360.0,1,4234.0,0.040859707132735006,0,0,0
0,0,0,1,0,2378,0.0,46.0,360.0,1,2378.0,0.01934398654331371,0,0,0
1,1,1,0,0,4554,1229.0,158.0,360.0,1,5783.0,0.027321459450112398,0,1,1
1,1,3,0,0,3173,0.0,74.0,360.0,1,3173.0,0.023321777497636306,1,0,1
1,1,2,1,0,2583,2330.0,125.0,360.0,1,4913.0,0.0254427030327702,0,0,1
1,1,0,1,0,2499,2458.0,160.0,360.0,1,4957.0,0.03227758725035303,1,0,1
1,1,0,0,0,3523,3230.0,152.0,360.0,0,6753.0,0.02250851473419221,0,0,0
1,1,2,0,0,3083,2168.0,126.0,360.0,1,5251.0,0.023995429442011044,0,1,1
1,1,0,1,0,6333,4583.0,259.0,360.0,1,10916.0,0.02372663979479663,1,0,1
1,1,0,1,0,2625,6250.0,187.0,360.0,1,8875.0,0.021070422535211266,0,0,1
1,1,0,1,0,9083,0.0,228.0,360.0,1,9083.0,0.025101838599581636,1,0,1
1,0,0,1,0,8750,4167.0,308.0,360.0,1,12917.0,0.023844545947201364,0,0,0
1,1,3,1,0,2666,2083.0,95.0,360.0,1,4749.0,0.02000421141292904,0,0,1
0,1,0,1,1,5500,0.0,105.0,360.0,0,5500.0,0.019090909090909092,0,0,0
0,1,0,1,0,2423,505.0,130.0,360.0,1,2928.0,0.04439890710382514,1,0,1
0,0,0,1,0,3813,0.0,116.0,180.0,1,3813.0,0.03042223970626803,0,1,1
1,1,2,1,0,8333,3167.0,165.0,360.0,1,11500.0,0.014347826086956521,0,0,1
1,1,1,1,0,3875,0.0,67.0,360.0,1,3875.0,0.01729032258064516,0,1,0
1,1,0,0,0,3000,1666.0,100.0,480.0,0,4666.0,0.021431633090441493,0,1,0
1,1,3,1,0,5167,3167.0,200.0,360.0,1,8334.0,0.023998080153587713,1,0,1
0,0,1,1,0,4723,0.0,81.0,360.0,1,4723.0,0.017150116451408005,1,0,0
1,1,2,1,0,5000,3667.0,236.0,360.0,1,8667.0,0.027229721933771777,1,0,1
1,1,0,1,0,4750,2333.0,130.0,360.0,1,7083.0,0.01835380488493576,0,1,1
1,1,0,1,0,3013,3033.0,95.0,300.0,1,6046.0,0.0157128680119087,0,1,1
1,0,0,1,1,6822,0.0,141.0,360.0,1,6822.0,0.020668425681618294,0,0,1
1,0,0,0,0,6216,0.0,133.0,360.0,1,6216.0,0.021396396396396396,0,0,0
1,0,0,1,0,2500,0.0,96.0,480.0,1,2500.0,0.0384,1,0,0
1,0,0,1,0,5124,0.0,124.0,360.0,0,5124.0,0.02419984387197502,0,0,0
1,1,1,1,0,6325,0.0,175.0,360.0,1,6325.0,0.02766798418972332,1,0,1
1,1,0,1,0,19730,5266.0,570.0,360.0,1,24996.0,0.022803648583773404,0,0,0
0,0,0,1,1,15759,0.0,55.0,360.0,1,15759.0,0.0034900691668253063,1,0,1
1,1,2,1,0,5185,0.0,155.0,360.0,1,5185.0,0.029893924783027964,1,0,1
1,1,2,1,1,9323,7873.0,380.0,300.0,1,17196.0,0.02209816236334031,0,0,1
1,0,1,1,0,3062,1987.0,111.0,180.0,0,5049.0,0.021984551396316103,0,1,0
0,0,0,1,0,2764,1459.0,110.0,360.0,1,4223.0,0.02604783329386692,0,1,1
1,1,0,1,0,4817,923.0,120.0,180.0,1,5740.0,0.020905923344947737,0,1,1
1,1,3,1,0,8750,4996.0,130.0,360.0,1,13746.0,0.009457296668121635,0,0,1
1,1,0,1,0,4310,0.0,130.0,360.0,1,4310.0,0.030162412993039442,1,0,1
1,0,0,1,0,3069,0.0,71.0,480.0,1,3069.0,0.023134571521668295,0,1,0
1,1,2,1,0,5391,0.0,130.0,360.0,1,5391.0,0.024114264514932295,0,1,1
1,1,0,1,0,3333,2500.0,128.0,360.0,1,5833.0,0.021944111092062405,1,0,1
1,0,0,1,0,5941,4232.0,296.0,360.0,1,10173.0,0.029096628329892852,1,0,1
0,0,0,1,0,6000,0.0,156.0,360.0,1,6000.0,0.026,0,1,1
1,0,0,1,1,7167,0.0,128.0,360.0,1,7167.0,0.017859634435607646,0,1,1
1,1,2,1,0,4566,0.0,100.0,360.0,1,4566.0,0.021901007446342532,0,1,0
1,0,1,1,0,3667,0.0,113.0,180.0,1,3667.0,0.030815380419961822,0,1,1
1,0,0,0,0,2346,1600.0,132.0,360.0,1,3946.0,0.03345159655347187,1,0,1
1,1,0,0,0,3010,3136.0,128.0,360.0,0,6146.0,0.02082655385616661,0,1,0
1,1,0,1,0,2333,2417.0,136.0,360.0,1,4750.0,0.02863157894736842,0,1,1
1,1,0,1,0,5488,0.0,125.0,360.0,1,5488.0,0.022776967930029153,0,0,1
1,0,3,1,0,9167,0.0,185.0,360.0,1,9167.0,0.020181084324206393,0,0,1
1,1,3,1,0,9504,0.0,275.0,360.0,1,9504.0,0.028935185185185185,0,0,1
1,1,0,1,0,2583,2115.0,120.0,360.0,1,4698.0,0.02554278416347382,0,1,1
1,1,2,0,0,1993,1625.0,113.0,180.0,1,3618.0,0.03123272526257601,1,0,1
1,1,2,1,0,3100,1400.0,113.0,360.0,1,4500.0,0.025111111111111112,0,1,1
1,1,2,1,0,3276,484.0,135.0,360.0,1,3760.0,0.03590425531914894,1,0,1
0,0,0,1,0,3180,0.0,71.0,360.0,0,3180.0,0.02232704402515723,0,1,0
1,1,0,1,0,3033,1459.0,95.0,360.0,1,4492.0,0.021148708815672306,0,1,1
1,0,0,0,0,3902,1666.0,109.0,360.0,1,5568.0,0.019576149425287355,0,0,1
0,0,0,1,0,1500,1800.0,103.0,360.0,0,3300.0,0.031212121212121212,1,0,0
1,1,2,0,0,2889,0.0,45.0,180.0,0,2889.0,0.01557632398753894,0,1,0
1,0,0,0,0,2755,0.0,65.0,300.0,1,2755.0,0.023593466424682397,0,0,0
1,0,0,1,0,2500,20000.0,103.0,360.0,1,22500.0,0.004577777777777778,1,0,1
0,0,0,0,0,1963,0.0,53.0,360.0,1,1963.0,0.026999490575649515,1,0,1
0,0,0,1,1,7441,0.0,194.0,360.0,1,7441.0,0.026071764547775836,0,0,0
0,0,0,1,0,4547,0.0,115.0,360.0,1,4547.0,0.025291400923685946,1,0,1
1,1,0,0,0,2167,2400.0,115.0,360.0,1,4567.0,0.025180643748631486,0,1,1
0,0,0,0,0,2213,0.0,66.0,360.0,1,2213.0,0.0298237686398554,0,0,1
1,1,1,1,0,8300,0.0,152.0,300.0,0,8300.0,0.018313253012048194,1,0,0
1,1,3,1,0,81000,0.0,360.0,360.0,0,81000.0,0.0044444444444444444,0,0,0
0,0,1,0,1,3867,0.0,62.0,360.0,1,3867.0,0.016033100594776313,1,0,0
1,1,0,1,0,6256,0.0,160.0,360.0,1,6256.0,0.02557544757033248,0,1,1
1,1,0,0,0,6096,0.0,218.0,360.0,0,6096.0,0.035761154855643046,0,0,0
1,1,0,0,0,2253,2033.0,110.0,360.0,1,4286.0,0.025664955669622024,0,0,1
0,1,0,0,0,2149,3237.0,178.0,360.0,0,5386.0,0.03304864463423691,1,0,0
0,0,0,1,0,2995,0.0,60.0,360.0,1,2995.0,0.02003338898163606,0,1,1
0,0,1,1,0,2600,0.0,160.0,360.0,1,2600.0,0.06153846153846154,0,1,0
1,1,2,1,1,1600,20000.0,239.0,360.0,1,21600.0,0.011064814814814816,0,1,0
1,1,0,1,0,1025,2773.0,112.0,360.0,1,3798.0,0.02948920484465508,0,0,1
1,1,0,1,0,3246,1417.0,138.0,360.0,1,4663.0,0.029594681535492173,1,0,1
1,1,0,1,0,5829,0.0,138.0,360.0,1,5829.0,0.023674729799279464,0,0,1
0,0,0,0,0,2720,0.0,80.0,360.0,0,2720.0,0.029411764705882353,0,1,0
1,1,0,1,0,1820,1719.0,100.0,360.0,1,3539.0,0.028256569652444195,0,1,1
1,1,1,1,0,7250,1667.0,110.0,360.0,0,8917.0,0.01233598743972188,0,1,0
1,1,0,1,0,14880,0.0,96.0,360.0,1,14880.0,0.0064516129032258064,1,0,1
1,1,0,1,0,2666,4300.0,121.0,360.0,1,6966.0,0.01737008326155613,0,0,1
0,0,1,0,0,4606,0.0,81.0,360.0,1,4606.0,0.017585757707338254,0,0,0
1,1,2,1,0,5935,0.0,133.0,360.0,1,5935.0,0.02240943555181129,1,0,1
1,1,0,1,0,2920,16.12000084,87.0,360.0,1,2936.12000084,0.029630941506174818,0,0,1
1,0,0,0,0,2717,0.0,60.0,180.0,1,2717.0,0.02208317997791682,0,1,1
0,0,1,1,1,8624,0.0,150.0,360.0,1,8624.0,0.017393320964749538,1,0,1
1,0,0,1,0,6500,0.0,105.0,360.0,0,6500.0,0.016153846153846154,0,0,0
1,0,0,1,0,12876,0.0,405.0,360.0,1,12876.0,0.03145386766076421,1,0,1
1,1,0,1,0,2425,2340.0,143.0,360.0,1,4765.0,0.030010493179433367,1,0,1
1,0,0,1,0,3750,0.0,100.0,360.0,1,3750.0,0.02666666666666667,0,1,1
0,1,0,1,0,10047,0.0,128.0,240.0,1,10047.0,0.012740121429282374,1,0,1
1,0,0,1,0,1926,1851.0,50.0,360.0,1,3777.0,0.013238019592268996,1,0,1
1,1,0,1,0,2213,1125.0,128.0,360.0,1,3338.0,0.03834631515877771,0,1,1
1,0,0,1,1,10416,0.0,187.0,360.0,0,10416.0,0.0179531490015361,0,1,0
0,1,0,0,1,7142,0.0,138.0,360.0,1,7142.0,0.019322318678241388,0,0,1
1,0,0,1,0,3660,5064.0,187.0,360.0,1,8724.0,0.021435121503897293,1,0,1
1,1,0,1,0,7901,1833.0,180.0,360.0,1,9734.0,0.018491884117526197,0,0,1
1,0,3,0,0,4707,1993.0,148.0,360.0,1,6700.0,0.02208955223880597,1,0,1
1,0,1,1,0,37719,0.0,152.0,360.0,1,37719.0,0.004029799305389856,1,0,1
1,1,0,1,0,7333,8333.0,175.0,300.0,1,15666.0,0.011170688114387846,0,0,1
1,1,1,1,1,3466,1210.0,130.0,360.0,1,4676.0,0.027801539777587682,0,0,1
1,1,2,0,0,4652,0.0,110.0,360.0,1,4652.0,0.023645743766122097,0,0,1
1,1,0,1,0,3539,1376.0,55.0,360.0,1,4915.0,0.011190233977619531,0,0,0
1,1,2,1,0,3340,1710.0,150.0,360.0,0,5050.0,0.0297029702970297,0,0,0
1,0,1,0,1,2769,1542.0,190.0,360.0,1,4311.0,0.04407330085826954,1,0,0
1,1,2,0,0,2309,1255.0,125.0,360.0,0,3564.0,0.035072951739618406,0,0,0
1,1,2,0,0,1958,1456.0,60.0,300.0,1,3414.0,0.01757469244288225,0,1,1
1,1,0,1,0,3948,1733.0,149.0,360.0,0,5681.0,0.02622777679985918,0,0,0
1,1,0,1,0,2483,2466.0,90.0,180.0,0,4949.0,0.018185492018589614,0,0,1
1,0,0,1,1,7085,0.0,84.0,360.0,1,7085.0,0.011856033874382499,1,0,1
1,1,2,1,0,3859,0.0,96.0,360.0,1,3859.0,0.024876911116869654,1,0,1
1,1,0,1,0,4301,0.0,118.0,360.0,1,4301.0,0.027435480120902116,0,1,1
1,1,0,1,0,3708,2569.0,173.0,360.0,1,6277.0,0.027560936753226063,0,1,0
1,0,2,1,0,4354,0.0,136.0,360.0,1,4354.0,0.03123564538355535,0,0,1
1,1,0,1,0,8334,0.0,160.0,360.0,1,8334.0,0.01919846412287017,1,0,0
1,1,0,1,1,2083,4083.0,160.0,360.0,1,6166.0,0.025948751216347713,1,0,1
1,1,3,1,0,7740,0.0,128.0,180.0,1,7740.0,0.016537467700258397,0,1,1
1,1,0,1,0,3015,2188.0,153.0,360.0,1,5203.0,0.02940611185854315,0,0,1
0,0,1,0,0,5191,0.0,132.0,360.0,1,5191.0,0.025428626468888462,1,0,1
1,0,0,1,0,4166,0.0,98.0,360.0,0,4166.0,0.023523763802208355,1,0,0
1,0,0,1,0,6000,0.0,140.0,360.0,1,6000.0,0.023333333333333334,0,0,1
1,1,3,0,0,2947,1664.0,70.0,180.0,0,4611.0,0.015181088700932552,0,1,0
1,1,0,1,0,16692,0.0,110.0,360.0,1,16692.0,0.006589983225497244,1,0,1
0,1,2,0,0,210,2917.0,98.0,360.0,1,3127.0,0.03133994243684042,1,0,1
1,1,0,1,0,4333,2451.0,110.0,360.0,1,6784.0,0.016214622641509434,0,1,0
1,1,1,1,1,3450,2079.0,162.0,360.0,1,5529.0,0.02930005425935974,1,0,1
1,1,1,0,0,2653,1500.0,113.0,180.0,0,4153.0,0.027209246327955693,0,0,0
1,1,3,1,0,4691,0.0,100.0,360.0,1,4691.0,0.021317416329140908,1,0,1
0,0,0,1,1,2500,0.0,93.0,360.0,1,2500.0,0.0372,0,1,1
1,0,2,1,0,5532,4648.0,162.0,360.0,1,10180.0,0.015913555992141455,0,0,1
1,1,2,1,1,16525,1014.0,150.0,360.0,1,17539.0,0.008552369006214722,0,0,1
1,1,2,1,0,6700,1750.0,230.0,300.0,1,8450.0,0.027218934911242602,1,0,1
1,1,2,1,0,2873,1872.0,132.0,360.0,0,4745.0,0.027818756585879872,1,0,0
1,1,1,1,1,16667,2250.0,86.0,360.0,1,18917.0,0.004546175397790347,1,0,1
1,1,2,1,0,2947,1603.0,128.0,360.0,1,4550.0,0.028131868131868132,0,1,0
0,0,0,0,0,4350,0.0,154.0,360.0,1,4350.0,0.035402298850574714,0,0,1
1,1,3,0,0,3095,0.0,113.0,360.0,1,3095.0,0.03651050080775444,0,0,1
1,1,0,1,0,2083,3150.0,128.0,360.0,1,5233.0,0.024460156697878845,1,0,1
1,1,0,1,0,10833,0.0,234.0,360.0,1,10833.0,0.02160066463583495,1,0,1
1,1,2,1,0,8333,0.0,246.0,360.0,1,8333.0,0.029521180847233888,1,0,1
1,1,1,0,0,1958,2436.0,131.0,360.0,1,4394.0,0.029813381884387802,0,0,1
1,0,2,1,0,3547,0.0,80.0,360.0,0,3547.0,0.02255427121511136,0,0,0
1,1,1,1,0,18333,0.0,500.0,360.0,1,18333.0,0.02727322314951181,0,1,0
1,1,2,1,1,4583,2083.0,160.0,360.0,1,6666.0,0.024002400240024,1,0,1
1,0,0,1,0,2435,0.0,75.0,360.0,1,2435.0,0.030800821355236138,0,1,0
1,0,0,0,0,2699,2785.0,96.0,360.0,1,5484.0,0.0175054704595186,1,0,1
1,1,1,0,0,5333,1131.0,186.0,360.0,1,6464.0,0.028774752475247526,0,1,1
1,0,0,0,0,3691,0.0,110.0,360.0,1,3691.0,0.029802221620157138,0,0,1
0,0,0,0,1,17263,0.0,225.0,360.0,1,17263.0,0.013033655795632277,1,0,1
1,1,0,1,0,3597,2157.0,119.0,360.0,0,5754.0,0.02068126520681265,0,0,0
0,1,1,1,0,3326,913.0,105.0,84.0,1,4239.0,0.024769992922859165,1,0,1
1,1,0,0,0,2600,1700.0,107.0,360.0,1,4300.0,0.02488372093023256,0,0,1
1,1,0,1,0,4625,2857.0,111.0,12.0,1,7482.0,0.01483560545308741,0,1,1
1,1,1,1,1,2895,0.0,95.0,360.0,1,2895.0,0.03281519861830743,1,0,1
1,0,0,1,0,6283,4416.0,209.0,360.0,0,10699.0,0.019534535937938125,0,0,0
0,0,0,1,0,645,3683.0,113.0,480.0,1,4328.0,0.0261090573012939,0,0,1
0,0,0,1,0,3159,0.0,100.0,360.0,1,3159.0,0.03165558721114277,1,0,1
1,1,2,1,0,4865,5624.0,208.0,360.0,1,10489.0,0.01983029840785585,1,0,1
1,1,1,0,0,4050,5302.0,138.0,360.0,1,9352.0,0.014756201881950384,0,0,0
1,1,0,0,0,3814,1483.0,124.0,300.0,1,5297.0,0.0234094770624882,1,0,1
1,1,2,1,0,3510,4416.0,243.0,360.0,1,7926.0,0.030658591975775928,0,0,1
1,1,0,1,0,20833,6667.0,480.0,360.0,1,27500.0,0.017454545454545455,0,1,1
1,0,0,1,0,3583,0.0,96.0,360.0,1,3583.0,0.026793190064192018,0,1,0
1,1,0,1,1,2479,3013.0,188.0,360.0,1,5492.0,0.03423160961398398,0,1,1
0,0,1,1,0,13262,0.0,40.0,360.0,1,13262.0,0.003016136329362087,0,1,1
1,0,0,0,0,3598,1287.0,100.0,360.0,1,4885.0,0.02047082906857728,0,0,0
1,1,1,1,0,6065,2004.0,250.0,360.0,1,8069.0,0.030982773577890692,1,0,1
1,1,2,1,0,3283,2035.0,148.0,360.0,1,5318.0,0.027830011282437006,0,1,1
1,1,0,1,0,2130,6666.0,70.0,180.0,1,8796.0,0.007958162801273306,1,0,0
1,0,0,1,0,5815,3666.0,311.0,360.0,1,9481.0,0.03280244699926168,0,0,0
1,1,3,1,0,3466,3428.0,150.0,360.0,1,6894.0,0.02175805047867711,0,0,1
0,1,2,1,0,2031,1632.0,113.0,480.0,1,3663.0,0.03084903084903085,1,0,1
1,1,0,0,0,3074,1800.0,123.0,360.0,0,4874.0,0.025235945835043086,1,0,0
1,0,0,1,0,4683,1915.0,185.0,360.0,1,6598.0,0.02803879963625341,1,0,0
0,0,0,0,0,3400,0.0,95.0,360.0,1,3400.0,0.027941176470588237,0,0,0
1,1,2,0,0,2192,1742.0,45.0,360.0,1,3934.0,0.011438739196746314,1,0,1
1,0,0,1,0,2500,0.0,55.0,360.0,1,2500.0,0.022,1,0,1
1,1,3,1,1,5677,1424.0,100.0,360.0,1,7101.0,0.01408252358822701,0,0,1
1,1,2,1,1,7948,7166.0,480.0,360.0,1,15114.0,0.031758634378721715,0,0,1
1,0,0,1,0,4680,2087.0,128.0,360.0,1,6767.0,0.01891532436825772,1,0,0
1,1,2,1,1,17500,0.0,400.0,360.0,1,17500.0,0.022857142857142857,0,0,1
1,1,0,1,0,3775,0.0,110.0,360.0,1,3775.0,0.02913907284768212,1,0,1
1,1,1,0,0,5285,1430.0,161.0,360.0,0,6715.0,0.023976172747580043,1,0,1
1,0,1,0,0,2679,1302.0,94.0,360.0,1,3981.0,0.02361215774930922,1,0,1
1,0,0,0,0,6783,0.0,130.0,360.0,1,6783.0,0.019165560961226596,1,0,1
1,1,0,1,0,1025,5500.0,216.0,360.0,1,6525.0,0.03310344827586207,0,0,1
1,1,3,1,0,4281,0.0,100.0,360.0,1,4281.0,0.023359028264424198,0,1,1
1,0,2,1,0,3588,0.0,110.0,360.0,0,3588.0,0.030657748049052396,0,0,0
1,0,1,1,0,11250,0.0,196.0,360.0,1,11250.0,0.01742222222222222,1,0,0
0,0,0,0,1,18165,0.0,125.0,360.0,1,18165.0,0.006881365262868153,0,1,1
1,0,0,0,0,2550,2042.0,126.0,360.0,1,4592.0,0.027439024390243903,0,0,1
1,1,0,1,0,6133,3906.0,324.0,360.0,1,10039.0,0.03227413088953083,0,1,1
1,0,2,1,0,3617,0.0,107.0,360.0,1,3617.0,0.029582526956040918,1,0,1
1,1,0,0,0,2917,536.0,66.0,360.0,1,3453.0,0.019113814074717638,0,0,0
1,1,3,1,0,6417,0.0,157.0,180.0,1,6417.0,0.02446626149290946,0,0,1
0,1,1,1,0,4608,2845.0,140.0,180.0,1,7453.0,0.018784382128002146,1,0,1
0,0,0,1,0,2138,0.0,99.0,360.0,0,2138.0,0.04630495790458372,1,0,0
0,0,1,1,0,3652,0.0,95.0,360.0,1,3652.0,0.026013143483023003,1,0,1
1,1,1,0,0,2239,2524.0,128.0,360.0,1,4763.0,0.026873819021625025,0,1,1
0,1,0,0,0,3017,663.0,102.0,360.0,1,3680.0,0.027717391304347826,1,0,1
1,1,0,1,0,2768,1950.0,155.0,360.0,1,4718.0,0.03285290377278508,0,0,1
1,0,0,0,0,3358,0.0,80.0,36.0,1,3358.0,0.023823704586063133,1,0,0
1,0,0,1,0,2526,1783.0,145.0,360.0,1,4309.0,0.03365049895567417,0,0,1
0,0,0,1,0,5000,0.0,103.0,360.0,0,5000.0,0.0206,1,0,0
1,1,0,1,0,2785,2016.0,110.0,360.0,1,4801.0,0.022911893355550928,0,0,1
1,1,2,1,1,6633,0.0,128.0,360.0,0,6633.0,0.019297452133273028,0,0,0
1,1,1,0,0,2492,2375.0,128.0,360.0,1,4867.0,0.026299568522703924,0,0,1
1,1,1,1,0,3333,3250.0,158.0,360.0,1,6583.0,0.024001215251405136,0,1,1
1,1,0,0,0,2454,2333.0,181.0,360.0,0,4787.0,0.03781073741382912,0,1,0
1,1,0,1,0,3593,4266.0,132.0,180.0,0,7859.0,0.01679603002926581,0,0,0
1,1,1,1,0,5468,1032.0,26.0,360.0,1,6500.0,0.004,1,0,1
0,0,0,1,0,2667,1625.0,84.0,360.0,1,4292.0,0.0195712954333644,0,1,1
1,1,3,1,1,10139,0.0,260.0,360.0,1,10139.0,0.025643554591182564,1,0,1
1,1,0,1,0,3887,2669.0,162.0,360.0,1,6556.0,0.02471018913971934,1,0,1
0,1,0,1,0,4180,2306.0,182.0,360.0,1,6486.0,0.028060437866173297,1,0,1
1,1,2,0,0,3675,242.0,108.0,360.0,1,3917.0,0.027572121521572634,1,0,1
0,1,1,1,1,19484,0.0,600.0,360.0,1,19484.0,0.03079449804968179,1,0,1
1,1,0,1,0,5923,2054.0,211.0,360.0,1,7977.0,0.02645104675943337,0,0,1
1,0,0,0,1,5800,0.0,132.0,360.0,1,5800.0,0.022758620689655173,1,0,1
1,1,2,1,0,8799,0.0,258.0,360.0,0,8799.0,0.029321513808387316,0,1,0
1,1,0,0,0,4467,0.0,120.0,360.0,1,4467.0,0.026863666890530557,0,0,1
1,0,0,1,0,3333,0.0,70.0,360.0,1,3333.0,0.021002100210021003,0,1,1
1,1,3,1,0,3400,2500.0,123.0,360.0,0,5900.0,0.020847457627118645,0,0,0
0,0,0,1,0,2378,0.0,9.0,360.0,1,2378.0,0.0037846930193439865,0,1,0
1,1,0,1,0,3166,2064.0,104.0,360.0,0,5230.0,0.01988527724665392,0,1,0
1,1,1,1,0,3417,1750.0,186.0,360.0,1,5167.0,0.035997677569189084,0,1,1
1,1,0,1,0,5116,1451.0,165.0,360.0,0,6567.0,0.02512562814070352,0,1,0
1,1,2,1,0,16666,0.0,275.0,360.0,1,16666.0,0.016500660026401055,0,1,1
1,1,2,0,0,6125,1625.0,187.0,480.0,1,7750.0,0.024129032258064516,1,0,0
1,1,3,1,0,6406,0.0,150.0,360.0,1,6406.0,0.023415547923821417,1,0,0
1,1,2,1,0,3159,461.0,108.0,84.0,1,3620.0,0.02983425414364641,0,1,1
1,1,0,1,0,3087,2210.0,136.0,360.0,0,5297.0,0.02567491032659996,1,0,0
1,0,0,1,0,3229,2739.0,110.0,360.0,1,5968.0,0.018431635388739945,0,1,1
1,1,1,1,0,1782,2232.0,107.0,360.0,1,4014.0,0.02665670154459392,0,0,1
1,0,0,1,0,3182,2917.0,161.0,360.0,1,6099.0,0.026397770126250206,0,1,1
1,1,2,1,0,6540,0.0,205.0,360.0,1,6540.0,0.03134556574923547,1,0,1
1,0,0,1,0,1836,33837.0,90.0,360.0,1,35673.0,0.0025229164914641325,0,1,0
0,1,0,1,0,3166,0.0,36.0,360.0,1,3166.0,0.011370814908401769,1,0,1
1,1,1,1,0,1880,0.0,61.0,360.0,1,1880.0,0.032446808510638296,0,0,0
1,1,1,1,0,2787,1917.0,146.0,360.0,0,4704.0,0.031037414965986394,0,0,0
1,1,1,1,0,4283,3000.0,172.0,84.0,1,7283.0,0.02361664149388988,0,0,0
1,1,0,1,0,2297,1522.0,104.0,360.0,1,3819.0,0.027232259753862266,0,1,1
0,0,0,0,0,2165,0.0,70.0,360.0,1,2165.0,0.03233256351039261,1,0,1
1,0,0,1,0,4750,0.0,94.0,360.0,1,4750.0,0.019789473684210527,1,0,1
1,1,2,1,1,2726,0.0,106.0,360.0,0,2726.0,0.03888481291269259,1,0,0
1,1,0,1,0,3000,3416.0,56.0,180.0,1,6416.0,0.008728179551122194,1,0,1
1,1,2,1,1,6000,0.0,205.0,240.0,1,6000.0,0.034166666666666665,1,0,0
1,0,3,1,1,9357,0.0,292.0,360.0,1,9357.0,0.031206583306615368,1,0,1
1,1,0,1,0,3859,3300.0,142.0,180.0,1,7159.0,0.019835172510127112,0,0,1
1,1,0,1,1,16120,0.0,260.0,360.0,1,16120.0,0.016129032258064516,0,1,1
1,0,0,0,0,3833,0.0,110.0,360.0,1,3833.0,0.02869814766501435,0,0,1
1,1,2,0,1,6383,1000.0,187.0,360.0,1,7383.0,0.025328457266693756,0,0,0
1,0,0,1,0,2987,0.0,88.0,360.0,0,2987.0,0.02946099765651155,1,0,0
1,1,0,1,1,9963,0.0,180.0,360.0,1,9963.0,0.018066847335140017,0,0,1
1,1,2,1,0,5780,0.0,192.0,360.0,1,5780.0,0.03321799307958478,0,1,1
0,0,3,1,0,416,41667.0,350.0,180.0,1,42083.0,0.00831689755958463,0,1,0
1,1,0,0,0,2894,2792.0,155.0,360.0,1,5686.0,0.027259936686598662,0,0,1
1,1,3,1,0,5703,0.0,128.0,360.0,1,5703.0,0.02244432754690514,0,1,1
1,0,0,1,0,3676,4301.0,172.0,360.0,1,7977.0,0.021561990723329573,0,0,1
0,1,1,1,0,12000,0.0,496.0,360.0,1,12000.0,0.04133333333333333,1,0,1
1,1,0,0,0,2400,3800.0,128.0,180.0,1,6200.0,0.02064516129032258,0,1,0
1,1,1,1,0,3400,2500.0,173.0,360.0,1,5900.0,0.029322033898305084,1,0,1
1,1,2,0,0,3987,1411.0,157.0,360.0,1,5398.0,0.029084846239347907,0,0,1
1,1,0,1,0,3232,1950.0,108.0,360.0,1,5182.0,0.020841373986877652,0,0,1
0,0,0,1,0,2900,0.0,71.0,360.0,1,2900.0,0.024482758620689656,0,0,1
1,1,3,1,0,4106,0.0,40.0,180.0,1,4106.0,0.00974184120798831,0,0,1
1,1,1,1,0,8072,240.0,253.0,360.0,1,8312.0,0.030437921077959576,0,1,1
1,1,2,1,0,7583,0.0,187.0,360.0,1,7583.0,0.024660424634049848,0,1,1
0,0,0,1,1,4583,0.0,133.0,360.0,0,4583.0,0.02902029238490072,1,0,0
